date,variable,strat,type,median,mean,sd,lower_90,lower_50,lower_20,upper_20,upper_50,upper_90
2020-02-26,R,NA,estimate,1.863260630436867,1.8719130847662746,0.1525214736958063,1.631212177907615,1.7657060984068942,1.8281545907925723,1.9029027340604647,1.97515351827577,2.1317046165336397
2020-02-27,R,NA,estimate,1.860188225625603,1.8649102244417262,0.13671776542653213,1.6472059346091679,1.7689168349941808,1.8282725629697718,1.8903691654009176,1.9541341851449001,2.09265090475702
2020-02-28,R,NA,estimate,1.8545147252781218,1.8589610641821344,0.1252509304062336,1.6581074458417169,1.7715791230271065,1.824289688301273,1.8823641837252132,1.9454754071771982,2.074105968322737
2020-02-29,R,NA,estimate,1.848415350914693,1.8539375914230498,0.11732141327525483,1.6659043076053355,1.774636002177738,1.8218968910373392,1.8791545855857195,1.9333067190173403,2.0592136877112224
2020-03-01,R,NA,estimate,1.844278486587763,1.8495892546156953,0.11196013485574802,1.6717220281416403,1.7754271441332719,1.8192701056863714,1.87483125392521,1.9259557005272954,2.040101696048564
2020-03-02,R,NA,estimate,1.840695755112352,1.8455602664664508,0.10822749644969781,1.6731438458298995,1.7727691484964962,1.8149943294672635,1.870240884570129,1.918284091581174,2.027761346095545
2020-03-03,R,NA,estimate,1.8372095390706522,1.8414242098060873,0.10533497956062358,1.6701205469349747,1.7715345470779689,1.8118362494061548,1.8644760129380213,1.910182028971617,2.019151326565383
2020-03-04,R,NA,estimate,1.832913315314831,1.8367357988787514,0.10268100325317862,1.6718446576150927,1.7677995390024108,1.807952599659659,1.8597529170734783,1.9032926466317532,2.0114573345829716
2020-03-05,R,NA,estimate,1.8265876952081959,1.8310956165366463,0.09983721461296442,1.6726035318761459,1.7637850706311458,1.8027140244016178,1.852968545792191,1.893854411076733,2.0024979842261605
2020-03-06,R,NA,estimate,1.8193671836065142,1.8242190266964606,0.09652657087510354,1.6696660141613369,1.7581333970913857,1.7960081796022738,1.8444513870067074,1.8868273045404562,1.9921327280241234
2020-03-07,R,NA,estimate,1.8111057173805138,1.8159968007501401,0.09262520439128222,1.6723277587883667,1.7544090626772146,1.7892068556126188,1.8341595715545438,1.8748372393129475,1.9726980817498951
2020-03-08,R,NA,estimate,1.8024679312028884,1.8065336421216438,0.08819859586246455,1.6673670324082328,1.7468929441104588,1.7816461989753707,1.8255141954613223,1.8633731208626898,1.9549569253573678
2020-03-09,R,NA,estimate,1.7941884264196755,1.7961527352518516,0.08354156359698849,1.66226975027868,1.7406814453986805,1.7746143496619062,1.8151275612770383,1.8497579113897555,1.9352130458513404
2020-03-10,R,NA,estimate,1.7854908133915193,1.7853600462205816,0.07914868254693866,1.6566449884041614,1.7327240695846229,1.76638299287527,1.80240421233501,1.8379410500331879,1.912911282559155
2020-03-11,R,NA,estimate,1.7772872215535638,1.7747704553181733,0.07554547586510879,1.650502021717091,1.725209964070947,1.757179291818519,1.7941540337490758,1.825493058290817,1.8967286522771953
2020-03-12,R,NA,estimate,1.7686347424807667,1.7650063760881758,0.073008807933754985,1.6451374358177782,1.7162680126023564,1.749703572871589,1.7859930441952945,1.8159077369482157,1.8810967576569193
2020-03-13,R,NA,estimate,1.7603179020707813,1.756585090516463,0.07135739349938795,1.635703526592776,1.7079864205903765,1.7406098358107018,1.7790480148223151,1.8070092354627183,1.8707144707445829
2020-03-14,R,NA,estimate,1.7541555057598663,1.749811726501619,0.07000913865315779,1.6265178155960598,1.7038951393271466,1.7354440863887226,1.772449514711227,1.7969348844806925,1.8588648602337763
2020-03-15,R,NA,estimate,1.7487674762567234,1.7446914628943149,0.06828806053349719,1.6212844715312447,1.7011278875210523,1.7326920396984056,1.7655337754840508,1.7892484472178418,1.8506538499990444
2020-03-16,R,NA,estimate,1.744573128643413,1.740870047706534,0.0657816832773244,1.6234526568749181,1.7000360942732602,1.7293603699814353,1.7597152350876568,1.7833085303574616,1.8426676814569465
2020-03-17,R,NA,estimate,1.7404857591918859,1.7376088368366525,0.06259735005466521,1.6335512399644585,1.6997256470061453,1.725752663182596,1.7535217088812836,1.7769264811236785,1.8370691485413382
2020-03-18,R,NA,estimate,1.7341008116387622,1.733800226053763,0.059461902758637775,1.6361443598021934,1.6988004859365788,1.7204663448936932,1.7465800679833219,1.7714406316677036,1.8321539387382908
2020-03-19,R,NA,estimate,1.7267058606447323,1.7280302814383195,0.05755974935194473,1.6340713990353635,1.6911030875098303,1.71397916031236,1.7397738981054518,1.7627845643661808,1.8241105803150515
2020-03-20,R,NA,estimate,1.7162639983671646,1.7186948637541113,0.057928037165751366,1.6259690762282322,1.6796658445028831,1.7026099865579232,1.7299499169470103,1.7533906045053749,1.821448975910294
2020-03-21,R,NA,estimate,1.6992586561298215,1.7041706215161434,0.06060772624468875,1.613325307110463,1.660801368840362,1.686291166672028,1.7142888081137408,1.7420564274877868,1.81081578943881
2020-03-22,R,NA,estimate,1.6778664677855168,1.683031010330614,0.06439291622984773,1.5864152112558128,1.637795134896978,1.6628674908427892,1.6936331159925206,1.7236960021715872,1.7973483325923076
2020-03-23,R,NA,estimate,1.648040024080354,1.6542807696563557,0.06747349079643127,1.5554054985768773,1.6062172652163536,1.631663289562412,1.66530598954999,1.697695117560769,1.7761080252222108
2020-03-24,R,NA,estimate,1.6101996936153464,1.617564956138797,0.06825733020826463,1.5207904342321354,1.56920266532988,1.5935778401691998,1.6289559757778163,1.6599748699771368,1.740663579744609
2020-03-25,R,NA,estimate,1.5663240612994271,1.5732995871567923,0.06589153576661906,1.4803550012692739,1.5261359732213178,1.5510852002016104,1.5821396906156866,1.6135574321730535,1.694986421472947
2020-03-26,R,NA,estimate,1.5169604645703774,1.5226795432873999,0.060509356756353806,1.4372022354982719,1.4785355144930694,1.5020502558510316,1.5315650036218131,1.5576296827384886,1.6325759801759105
2020-03-27,R,NA,estimate,1.4634136532336064,1.46754863606215,0.053293624712712304,1.39057880176369,1.4296550623548154,1.4493946429798825,1.4751531856368971,1.498665437973663,1.5639835722214834
2020-03-28,R,NA,estimate,1.4063811262670873,1.4101577353274937,0.04634785090642791,1.340744384492063,1.3786984323960005,1.3957984624877358,1.4181505928277325,1.4394092416523652,1.4933972279952559
2020-03-29,R,NA,estimate,1.35235936081396,1.352870922098873,0.042097062520951724,1.284833970280378,1.3255728823059607,1.3417830128054682,1.3619406219789125,1.3795606356451442,1.423880094907961
2020-03-30,R,NA,estimate,1.2992566879092151,1.297889840451929,0.0417836676747125,1.2264273122491316,1.2709538916172995,1.2898422567966892,1.3090986220546448,1.325707248184771,1.3654684031461999
2020-03-31,R,NA,estimate,1.249590718397394,1.247049450906915,0.04432412986529518,1.170177500722347,1.2201041396809709,1.2380785032973545,1.259578655811078,1.2778205913066663,1.3150130824409687
2020-04-01,R,NA,estimate,1.2054355539736723,1.2017060666318597,0.04750585856560539,1.1185019369710316,1.1720505602327953,1.1924136590924335,1.2163907704632804,1.23572292603746,1.2715176999694422
2020-04-02,R,NA,estimate,1.1669081381933022,1.1627081283068332,0.04962063606474744,1.0734198241410393,1.1324183986405432,1.1528708866270114,1.17916609811019,1.1978305586704632,1.2355939521039787
2020-04-03,R,NA,estimate,1.1344780833415649,1.1304230953832735,0.04984556019801278,1.040347246741228,1.0990912794647003,1.1207665537042697,1.146552403177026,1.1655549524787492,1.2047939032168418
2020-04-04,R,NA,estimate,1.1081776514737958,1.1047917735988277,0.048056753711892344,1.017551688985656,1.0736685279399694,1.0944678367067853,1.1198428298945322,1.139413823982138,1.1761893719370002
2020-04-05,R,NA,estimate,1.0877392061309927,1.0853894715328127,0.04464910580324957,1.0085015318942923,1.0568385399243716,1.0757607254919868,1.099681683701107,1.1179713784389103,1.1519597489823539
2020-04-06,R,NA,estimate,1.0737582061320947,1.0714852009092513,0.04044983902279523,1.0014956845505822,1.044409423832151,1.0630895915785776,1.084012609069027,1.1019577335260378,1.132235449559783
2020-04-07,R,NA,estimate,1.064269216870886,1.0621007606987574,0.03663877114823854,0.9994312682453095,1.0372034958245004,1.0538311374695941,1.0734743728725513,1.0885336995054966,1.1174246108438057
2020-04-08,R,NA,estimate,1.0565574541122174,1.0560778860256592,0.03445024460511297,0.996728931914998,1.032919687970102,1.0477387947656585,1.0660198041157245,1.0797061093408504,1.1113888966818066
2020-04-09,R,NA,estimate,1.0511163346706818,1.0521619867248924,0.03448266926451371,0.9970442959614273,1.0289587606258785,1.043790629065456,1.0606210750122456,1.0745126925957933,1.1100168684176117
2020-04-10,R,NA,estimate,1.0471852311813084,1.0491050639643096,0.03619597980632032,0.9934941392392015,1.0254002959480981,1.0389426566183149,1.055253127785147,1.0709175512810154,1.1125004711033273
2020-04-11,R,NA,estimate,1.0419996804462555,1.045780104099101,0.03838465545361209,0.9893631339248008,1.0192149287563237,1.0328488932099995,1.051229931187814,1.0683459574615968,1.114311438914315
2020-04-12,R,NA,estimate,1.0362909579078607,1.0412891096232824,0.04000451447993054,0.9830615545490917,1.0130528989238077,1.0271403349853487,1.0472340645752742,1.065519064024046,1.1136597971088582
2020-04-13,R,NA,estimate,1.0304265344030403,1.035042507268178,0.04054227234473162,0.9779601944704092,1.006227694826796,1.019862149994775,1.0411341713705664,1.0595805933996767,1.1089630007714222
2020-04-14,R,NA,estimate,1.0228808682669168,1.0267923064216709,0.03999288115453004,0.9698442561604755,0.9983662616730975,1.0121886517505756,1.0339542367373493,1.0520157176601095,1.0975236509324653
2020-04-15,R,NA,estimate,1.0139251931606519,1.0166135005380446,0.03868740178231403,0.9592750567427356,0.9892743165957143,1.0038606823856115,1.0224311554428827,1.0414708502701102,1.0851368331213496
2020-04-16,R,NA,estimate,1.0022460938234499,1.0048420385157504,0.03708399213574152,0.9497211719338647,0.9793465235710764,0.9933593944539497,1.0116560487170152,1.0285626718746133,1.0696017704480705
2020-04-17,R,NA,estimate,0.9906240939266269,0.9919871067039554,0.03558113827279815,0.9388437225391839,0.9666070392050022,0.9814926813587697,0.999846018827991,1.014729186366228,1.0537919419512678
2020-04-18,R,NA,estimate,0.977862938776665,0.9786376636232863,0.034404987284412,0.9257608626640875,0.9546627902022959,0.9688698469435588,0.9860089797764635,1.001274968526254,1.0364777928359277
2020-04-19,R,NA,estimate,0.9650429605491868,0.9653794339484477,0.033599772364082285,0.9129638080399094,0.9418237556059607,0.9559268371122821,0.9733340257758214,0.9876330938356517,1.0209203030279608
2020-04-20,R,NA,estimate,0.9524187187465277,0.9527322282564806,0.03309611780165205,0.8992648506197816,0.93090102859125,0.9444410137813526,0.9607454433995273,0.9745091256227723,1.0087198612087798
2020-04-21,R,NA,estimate,0.9413411248792948,0.9411114442463351,0.03279125713792779,0.8862043505569092,0.9199444795495673,0.9333037136440241,0.949238613046006,0.9624434849522974,0.9936592473603101
2020-04-22,R,NA,estimate,0.931955546641928,0.9308132663137392,0.03259260610621855,0.8756419751359731,0.9105636119925501,0.9235150696379573,0.9395642880000993,0.9517681282550341,0.982493278073934
2020-04-23,R,NA,estimate,0.9239451541940862,0.92202035030503815,0.0324253884845824,0.865919967894104,0.9019495874110721,0.9149778560596041,0.9316232139893563,0.9429127939274766,0.9734667141793534
2020-04-24,R,NA,estimate,0.9173083263655735,0.9148230068384826,0.03223309444063254,0.860415704450927,0.8948706147953052,0.9084258815167545,0.9236323666466344,0.9348957182399066,0.9651357346858094
2020-04-25,R,NA,estimate,0.9111231898451377,0.9092496005042879,0.03199106639848357,0.8560487295743191,0.8903012632655289,0.9030072368090836,0.9178374877720143,0.9296501000149666,0.958677077578819
2020-04-26,R,NA,estimate,0.9066289666168055,0.9052991156064933,0.031727091738928265,0.8513509883976385,0.8865585433619847,0.8985401076459226,0.9146860542838937,0.9264209008753687,0.9561860165333232
2020-04-27,R,NA,estimate,0.9040886142956946,0.902969046866802,0.03152439616108054,0.8507707583797135,0.8833950984803839,0.8965600208868425,0.9122105513066978,0.9241733157130843,0.9523300054256598
2020-04-28,R,NA,estimate,0.9032960079131932,0.9022732953911624,0.03148795547703399,0.8509877708464816,0.8822170553311383,0.8954082459071695,0.9108651868404756,0.9232076275636478,0.9512830037697306
2020-04-29,R,NA,estimate,0.9037605954693946,0.9032473535283602,0.03168333023880357,0.8516993066518087,0.8827034739273393,0.8957762082392964,0.9114083660986708,0.9248024288984299,0.9550166982854099
2020-04-30,R,NA,estimate,0.9053730009687595,0.9059409331549851,0.03208667671060537,0.8535953426218197,0.8855548593805002,0.8975165096425624,0.9138719565224567,0.9281539935880238,0.9585567344503234
2020-05-01,R,NA,estimate,0.9104112733825798,0.9104004307741362,0.03258354333516227,0.8570928463941406,0.8893292197140032,0.9019846070463764,0.9187229960894736,0.9330916716866382,0.9639796810791357
2020-05-02,R,NA,estimate,0.916609012514668,0.9166448042378531,0.03301820974517467,0.861353030457449,0.8950526035130121,0.9091593386776192,0.9248150218613074,0.9394105401458017,0.971005711260246
2020-05-03,R,NA,estimate,0.9245367224847165,0.9246387587957612,0.03326241050938053,0.8689741057546653,0.9029258077315621,0.9176030227740588,0.9333034709295758,0.9475772704938576,0.9782826379427015
2020-05-04,R,NA,estimate,0.9343320591986606,0.934267127566018,0.03327038121529497,0.8787443430659272,0.9118928075727676,0.9269334338763014,0.9427832702244925,0.9565133059458706,0.9873981805515408
2020-05-05,R,NA,estimate,0.9454041381377327,0.9453144034482984,0.03310191345112156,0.8909192313798727,0.9237337311775875,0.9380127774256455,0.953463319868439,0.9672054671206042,0.9998925826032222
2020-05-06,R,NA,estimate,0.9574860571887303,0.9574535882535501,0.032904864062790154,0.9020956349157052,0.9359124934759491,0.9496583732507697,0.9652465966403614,0.9791570110618629,1.0111890484046666
2020-05-07,R,NA,estimate,0.9691286313064544,0.9702485182676078,0.03285484078396865,0.9154641710362805,0.9485384379236039,0.9622037580671756,0.9773937693851538,0.9911838700759523,1.0249906251738619
2020-05-08,R,NA,estimate,0.9816793710551714,0.9831729903029535,0.03306827018941685,0.9283929191053846,0.9615819952709643,0.9741988637843253,0.9905157729978409,1.004615743643799,1.0396034822765134
2020-05-09,R,NA,estimate,0.9938884132875175,0.995647771790811,0.03353524850791509,0.9411239759204459,0.9741696289106453,0.9861771478025307,1.0021505486228772,1.0164522456187457,1.0535284008987622
2020-05-10,R,NA,estimate,1.004440543288068,1.007092815927926,0.03412371754890766,0.9528540151365055,0.9851162858424196,0.9968998490655306,1.012878834257716,1.0283229044917193,1.0648327226000829
2020-05-11,R,NA,estimate,1.0144633223101402,1.0169874470130638,0.03465927329433766,0.9647790739502242,0.9936325725815515,1.0062434185685891,1.0233552323691995,1.0384212645382833,1.0765664748829848
2020-05-12,R,NA,estimate,1.023230704983634,1.0249275229020844,0.03502754479143154,0.9713776510493443,1.0009987187129168,1.0140500713119223,1.032005586860575,1.046534363299545,1.0857781171373047
2020-05-13,R,NA,estimate,1.028479344100167,1.0306674645017209,0.03523414240538297,0.9752014616892017,1.0066236229546335,1.0206067538730874,1.0370235772276102,1.0531707814731954,1.0904390339845313
2020-05-14,R,NA,estimate,1.0326811228657233,1.0341376113700789,0.03538627538108454,0.9771412475969206,1.0105007968535455,1.0234778440720063,1.0412268239523692,1.0568393068903346,1.0947748389814775
2020-05-15,R,NA,estimate,1.0346421176584357,1.035433060131894,0.035604260542317884,0.9799111767012532,1.011766466409952,1.0258925829444285,1.042719579046842,1.058208834980158,1.0963160950825048
2020-05-16,R,NA,estimate,1.03422978162759,1.034776935638157,0.035917409735667316,0.975943861533075,1.0114973863338588,1.0256302915134807,1.0425976392437453,1.0576279450975483,1.0959677915432078
2020-05-17,R,NA,estimate,1.0322577791399157,1.0324665009153395,0.0362184091819015,0.9718844550300851,1.0094372742173228,1.0230295201044253,1.040317842547918,1.0554254843978788,1.0934895809976894
2020-05-18,R,NA,estimate,1.0279824260504284,1.0288130740068024,0.03631051856992081,0.9681447917574663,1.0058970638015934,1.020080913675419,1.0374385499151697,1.0524986268828684,1.0895306984463795
2020-05-19,R,NA,estimate,1.0238935076249391,1.0240863080648734,0.036014289044878016,0.9639530553097647,1.000345607333809,1.0161163492274312,1.0327813570423854,1.048171798578754,1.083085927541681
2020-05-20,R,NA,estimate,1.019076895825999,1.018471060686913,0.035273495192562,0.9609592695089755,0.9946798150442403,1.0101726517971517,1.0270363828092224,1.0424652481966954,1.0763061977656836
2020-05-21,R,NA,estimate,1.0116760790123682,1.0120421700983564,0.03421803661041746,0.9568346890900953,0.9888665093752204,1.004149003048739,1.0203836150466459,1.0351494856931147,1.0671165150830024
2020-05-22,R,NA,estimate,1.0049775865828088,1.0047598682865357,0.033158185863660296,0.9518769779426476,0.9823831560088664,0.9963922014385247,1.012542474952005,1.0268910973813117,1.0580714874560053
2020-05-23,R,NA,estimate,0.9958804258162427,0.9964864743446628,0.032484364180348765,0.9444284777337331,0.9746192947358762,0.9876406108316454,1.0036573697095799,1.0173965429748637,1.0510711064912694
2020-05-24,R,NA,estimate,0.9859437666521222,0.9870230335485639,0.03247404907803853,0.9350064657528828,0.9655082940515936,0.9779970400699434,0.9932182694881766,1.00814774200324,1.0441144251695222
2020-05-25,R,NA,estimate,0.9742373588726645,0.9761621510944858,0.03310623905025796,0.9248271684740459,0.954079279468391,0.9663344802519989,0.9825392294830915,0.9972164281282978,1.0341300989475648
2020-05-26,R,NA,estimate,0.962275250740908,0.9637502207153968,0.03404409403034432,0.9113957325455198,0.9403963777783694,0.9533542256379008,0.9702794217198135,0.9845694350043517,1.0239844288287623
2020-05-27,R,NA,estimate,0.9474629053006063,0.9497491169466828,0.03480878102169409,0.896115456032971,0.9258801449055543,0.939141519842402,0.9565937400403892,0.9708626395034377,1.011486470543104
2020-05-28,R,NA,estimate,0.9323699855975507,0.9342854931509034,0.035001778196825206,0.8812313999115193,0.9101818866420877,0.9236419021891686,0.9408522669349445,0.9558883881424247,0.9959274123006892
2020-05-29,R,NA,estimate,0.916275295788276,0.9176765797858978,0.034457688190104176,0.8622937783198311,0.8945171060332376,0.90739291844056,0.9247186007147796,0.9388018451252738,0.9782814443272061
2020-05-30,R,NA,estimate,0.8999189468999462,0.9004255529298796,0.03330564578763636,0.847532319556371,0.8777415286564403,0.8916563812758231,0.90764555654625,0.9214400495597974,0.9585371758352673
2020-05-31,R,NA,estimate,0.8833707535649034,0.8831864085222856,0.031945830148460405,0.8319882943157056,0.861434406275183,0.8757053247575639,0.8909541347624728,0.9038053751540656,0.9359645782328988
2020-06-01,R,NA,estimate,0.8670905775261613,0.8667056260844418,0.03092612051622005,0.8157539331336432,0.8459390469478701,0.859079310207628,0.8751878133066178,0.8878208815731052,0.916544524757284
2020-06-02,R,NA,estimate,0.8526256540527648,0.8517529917136398,0.030707618130201175,0.7995627151499133,0.8317347396717366,0.8443109905896895,0.8606157487589596,0.8735636784981444,0.8987662377277901
2020-06-03,R,NA,estimate,0.8402099484048329,0.8390548987359318,0.03141468687230871,0.7868579982210102,0.8185904728006246,0.8316220529032073,0.8481666982159077,0.8606644567097164,0.8885177654622406
2020-06-04,R,NA,estimate,0.8295504086443503,0.8292402455066746,0.03277506173893499,0.774268407045607,0.8074377293572067,0.8213893687140725,0.8388281026235809,0.8520319516308785,0.8823764586446742
2020-06-05,R,NA,estimate,0.8236086730703782,0.8228034656136524,0.034300257739666065,0.7658545705969906,0.7997843423552209,0.8140187888285703,0.8328319353452867,0.8468555710936438,0.8766430653361228
2020-06-06,R,NA,estimate,0.8210801479669954,0.8200837160326181,0.035515585673005515,0.7619188094415841,0.7952691822223752,0.811150997026026,0.8305923596251552,0.8456535501595309,0.8743688009518362
2020-06-07,R,NA,estimate,0.8217072342396774,0.8212557133341508,0.036091826343249936,0.7628717317482011,0.7966199338746663,0.8129480919128904,0.8316566734681389,0.8473655958951382,0.8770427862924819
2020-06-08,R,NA,estimate,0.8280586422797842,0.8263268277439164,0.03588570455537774,0.7669173165076796,0.8019167791587694,0.8184109757759194,0.8379014167890997,0.8517589058700563,0.8824387931066712
2020-06-09,R,NA,estimate,0.8368148437597887,0.8351364013776161,0.03494253982337361,0.7763031838894547,0.811687458576006,0.8280643859761752,0.8463471644093241,0.8596177429837107,0.8901968014253456
2020-06-10,R,NA,estimate,0.8493656909627525,0.8473558612432711,0.03349130080172918,0.7888506606398729,0.8251136005401056,0.8406123749968706,0.8578562739998918,0.8708354597449369,0.899627807166747
2020-06-11,R,NA,estimate,0.8635479178379895,0.8624909742564483,0.03193198505569696,0.8079980425400003,0.8412625508606499,0.8558043788089208,0.8718529456919073,0.8848594685754627,0.9118124524290494
2020-06-12,R,NA,estimate,0.8803921094112803,0.8798896327977721,0.030785826292901608,0.82845359231361,0.8592510624594701,0.8730991571727786,0.8883784119832419,0.9008985798013631,0.9281542830101731
2020-06-13,R,NA,estimate,0.8985505472110736,0.8987592385668861,0.030559900992280106,0.8473474089653426,0.878913641400818,0.8903842593588556,0.9070973681112844,0.9185637272609658,0.9484649169276993
2020-06-14,R,NA,estimate,0.9171279465200344,0.9181968437207079,0.03153139011739624,0.8692101254158878,0.8966348378818362,0.9091258128283657,0.9254935663000615,0.9385152518480693,0.9731957785915133
2020-06-15,R,NA,estimate,0.9358489423313473,0.9372330010850636,0.03359823310795397,0.8867942641201382,0.9133005708313688,0.9272499829439006,0.9440801531080683,0.9585320084736432,0.9964731922418316
2020-06-16,R,NA,estimate,0.95276536732325,0.9548875139125813,0.0363409575105395,0.8984066449587139,0.9291934266201929,0.9438089836757598,0.9623510776349367,0.9785210255233456,1.0187258750707269
2020-06-17,R,NA,estimate,0.9696817171461496,0.9702328263198376,0.03921331818962208,0.9089864051082783,0.9422500568855254,0.9583038091234104,0.9789835272679602,0.9951000340853793,1.0357060617918556
2020-06-18,R,NA,estimate,0.9816175088523891,0.9824592207278098,0.041697152914928697,0.9171731633093447,0.9525028106210418,0.970223391249824,0.9920202356404628,1.0084430919582112,1.0502328210261973
2020-06-19,R,NA,estimate,0.9899638474402387,0.9909353645038833,0.04338007540314733,0.9229077427035678,0.9603493296033325,0.9783599769379461,1.0004753793740855,1.0192482401865401,1.0638942090300216
2020-06-20,R,NA,estimate,0.9941214919341563,0.9952578626697761,0.04399242811479366,0.9256901523205149,0.9639227857416269,0.9814311837887847,1.0048882193741728,1.024183937263832,1.0717224285740967
2020-06-21,R,NA,estimate,0.9937539632104999,0.9952841900885424,0.04343348383974988,0.9268371202794669,0.9639488054976367,0.9819720173231505,1.004555876543712,1.023525369568797,1.0691032562021716
2020-06-22,R,NA,estimate,0.98894078381309,0.9911448078951762,0.04179482797616956,0.9262652630495294,0.9612852375582197,0.9793755821339084,0.9992806859814434,1.0180657032629234,1.0622659854529832
2020-06-23,R,NA,estimate,0.9810559231924163,0.9832326033588894,0.039375075665127136,0.9203446646736038,0.9558611406500048,0.9718536466443617,0.9910723461612483,1.007904995224333,1.0516631864287616
2020-06-24,R,NA,estimate,0.9696115144507247,0.9721709195762978,0.0366701224895429,0.9142526829989481,0.9476524818713233,0.96129944090123,0.9788170910069307,0.9959556008854186,1.035344078522633
2020-06-25,R,NA,estimate,0.9573633251053626,0.9587647153230057,0.034309339765017634,0.9052888220650777,0.93645733039246,0.9494983211966448,0.9644384485570845,0.980852828602866,1.0172835897663515
2020-06-26,R,NA,estimate,0.9426274014974276,0.9439418050549326,0.03289840307378784,0.8912765181893887,0.9224498057575685,0.9354384452577371,0.9510735728749233,0.9650720173398626,0.9987674755863256
2020-06-27,R,NA,estimate,0.9289549449161163,0.9286918416289148,0.03278218262778376,0.8734244047135917,0.9083176140888548,0.9207675179633303,0.9364030914201972,0.9504521266074064,0.9808735679574008
2020-06-28,R,NA,estimate,0.9149119804363381,0.9140095961162141,0.03388623367008872,0.8558583610721855,0.8921546757178229,0.9070988471252244,0.9231026699904841,0.9371672876315045,0.9665307358698185
2020-06-29,R,NA,estimate,0.9023748789206169,0.9008468209135108,0.03580256850268678,0.8389027922000182,0.8774575934371072,0.8924033273093283,0.9116736444889904,0.9261016399447453,0.9576103024221707
2020-06-30,R,NA,estimate,0.8907277314572871,0.8900745367980332,0.03802179261170904,0.8260296028445302,0.8639221090241651,0.8810712926674712,0.9015035731527619,0.9160171101174495,0.9515224038387324
2020-07-01,R,NA,estimate,0.8832574535294165,0.8824556565878832,0.04010052953755009,0.8151411310312795,0.855048732594887,0.871725491770866,0.8930265249452949,0.9097858261809688,0.9473855782604876
2020-07-02,R,NA,estimate,0.8786250758274616,0.8786265937265292,0.04171321790707298,0.8089600124565889,0.8512829760462852,0.866984959561375,0.8882919396363593,0.9066447805577942,0.9463380964320467
2020-07-03,R,NA,estimate,0.8786348498964324,0.8790857119360906,0.04264796104697225,0.8094349216821639,0.8512727622175582,0.8674027425096267,0.8885553569143595,0.9071925842583459,0.9489158633017329
2020-07-04,R,NA,estimate,0.8841163393076104,0.8841860045866938,0.042797611683337636,0.8125844362605347,0.8558689480765455,0.872917846503845,0.8941510858685148,0.9127451390403308,0.9557829917216006
2020-07-05,R,NA,estimate,0.8944003702787658,0.8941293405019425,0.04216621045900823,0.8238015264211189,0.8670014871044853,0.8839494284140437,0.903974276646186,0.9224570742333282,0.9636353394662932
2020-07-06,R,NA,estimate,0.9092340565430517,0.9089602226198068,0.04089474021455421,0.8373103587625991,0.8832643715665685,0.8996169558085324,0.9193192170424829,0.9358607266230355,0.9759721587451734
2020-07-07,R,NA,estimate,0.9297236486710392,0.9285584538754459,0.03930333684335452,0.8580949137642373,0.9036418025297187,0.9202650222556434,0.9395790114312732,0.9535824843609912,0.9919274760796418
2020-07-08,R,NA,estimate,0.9536812217382479,0.9526322807158115,0.03793655235487042,0.8869397072496219,0.9285838058836133,0.9450760146249929,0.9619947171841294,0.9782232366362323,1.012568995574021
2020-07-09,R,NA,estimate,0.9803457508697797,0.9807159614690841,0.037567963471199436,0.9193281790998867,0.9557461668879229,0.9710118416754123,0.9893440919662524,1.0055160102827443,1.0416034020463787
2020-07-10,R,NA,estimate,1.011884470320179,1.0121773680241497,0.03907973521185882,0.9505020866890007,0.9845477123774573,1.0015368045020272,1.021352498325259,1.0373566999869395,1.0791893066146359
2020-07-11,R,NA,estimate,1.0454923054150111,1.0462411357463677,0.04319794660021338,0.9792835893838038,1.0162958719285449,1.0335117992368401,1.0559223464683176,1.0739255598335926,1.1190356957178558
2020-07-12,R,NA,estimate,1.0811391388797778,1.082030364902435,0.05029663389499343,1.001031452452588,1.0475781615355175,1.0681186170244381,1.0936000484439883,1.1149291286373615,1.1675024803405163
2020-07-13,R,NA,estimate,1.1187188215287587,1.1186252063739923,0.06047401219531995,1.0206190338458032,1.077539568009151,1.1038371275699355,1.1330889772643251,1.1579075522022593,1.2187969688473645
2020-07-14,R,NA,estimate,1.155992851492749,1.1551312617674818,0.07374040077352861,1.0365914182915186,1.1051221031432346,1.1357605012786116,1.1719892237341756,1.2018636339716728,1.2754102043278799
2020-07-15,R,NA,estimate,1.1879123574934045,1.1907467782733647,0.09009561836635076,1.04896884882049,1.125644387787337,1.1654692821547759,1.211059819908909,1.2481349629208334,1.3421685010989541
2020-07-16,R,NA,estimate based on partial data,1.218159725678627,1.2248169815262913,0.10949823788833707,1.055264180811674,1.1480229474816053,1.1907037187730212,1.2499200847571923,1.298682473071636,1.4101961334072688
2020-07-17,R,NA,estimate based on partial data,1.2477653025545075,1.2568669378637576,0.13181754887345212,1.0616221259697511,1.1634372027873785,1.2140417859067896,1.284334513505815,1.3420537777393768,1.4833184385922957
2020-07-18,R,NA,estimate based on partial data,1.2742506642493803,1.2866096562000118,0.15681604805709257,1.056336018150256,1.174636626113305,1.2319926955526834,1.3157584844284953,1.3826936426164922,1.5665964816567657
2020-07-19,R,NA,estimate based on partial data,1.294592221305221,1.3139314612368345,0.18416212993006006,1.0501755861916715,1.1840037549814424,1.2481233671639356,1.3411205120496905,1.4270472844125364,1.6495520797072023
2020-07-20,R,NA,estimate based on partial data,1.3111307255631288,1.338860299092486,0.21345617440400458,1.0407815723754539,1.1898014280117741,1.2602550652785798,1.3636493521251525,1.4653530433049047,1.7384820147119595
2020-07-21,R,NA,estimate based on partial data,1.3219348988760895,1.3615242075355147,0.24425773299673018,1.030793844793575,1.1935586545414214,1.2691305304638862,1.3884094239929168,1.502008371247514,1.8182054600679947
2020-07-22,R,NA,estimate based on partial data,1.3329859348001594,1.3821073228137062,0.276110120172741,1.0166617356706837,1.194174788292812,1.2765481219348018,1.4070411647464842,1.5309996105819383,1.905775629293333
2020-07-23,R,NA,forecast,1.3329859348001594,1.3821073228137062,0.276110120172741,1.0166617356706837,1.194174788292812,1.2765481219348018,1.4070411647464842,1.5309996105819383,1.905775629293333
2020-07-24,R,NA,forecast,1.3329859348001594,1.3821073228137062,0.276110120172741,1.0166617356706837,1.194174788292812,1.2765481219348018,1.4070411647464842,1.5309996105819383,1.905775629293333
2020-07-25,R,NA,forecast,1.3329859348001594,1.3821073228137062,0.276110120172741,1.0166617356706837,1.194174788292812,1.2765481219348018,1.4070411647464842,1.5309996105819383,1.905775629293333
2020-07-26,R,NA,forecast,1.3329859348001594,1.3821073228137062,0.276110120172741,1.0166617356706837,1.194174788292812,1.2765481219348018,1.4070411647464842,1.5309996105819383,1.905775629293333
2020-07-27,R,NA,forecast,1.3329859348001594,1.3821073228137062,0.276110120172741,1.0166617356706837,1.194174788292812,1.2765481219348018,1.4070411647464842,1.5309996105819383,1.905775629293333
2020-07-28,R,NA,forecast,1.3329859348001594,1.3821073228137062,0.276110120172741,1.0166617356706837,1.194174788292812,1.2765481219348018,1.4070411647464842,1.5309996105819383,1.905775629293333
2020-07-29,R,NA,forecast,1.3329859348001594,1.3821073228137062,0.276110120172741,1.0166617356706837,1.194174788292812,1.2765481219348018,1.4070411647464842,1.5309996105819383,1.905775629293333
